A,stock
AAPL,stock
ABT,stock
ACGL,stock
ACN,stock
ADBE,stock
AIG,stock
AKAM,stock
AMAT,stock
AMC,stock
AMD,stock
AMZN,stock
APD,stock
APP,stock
ASML,stock
ATPC,stock
AVGO,stock
BA,stock
BABA,stock
BAC,stock
BAX,stock
BEAT,stock
BEN,stock
BK,stock
BLDR,stock
BMNR,stock
BMY,stock
BRK-B,stock
C,stock
CAT,stock
CCL,stock
CL,stock
CLSK,stock
COIN,stock
COST,stock
CRWV,stock
CVNA,stock
CVX,stock
CZR,stock
D,stock
DD,stock
DE,stock
DHR,stock
DIS,stock
DKNG,stock
DUK,stock
EMR,stock
ENPH,stock
EOG,stock
EXC,stock
F,stock
FCX,stock
FDX,stock
GD,stock
GE,stock
GEV,stock
GIS,stock
GLW,stock
GM,stock
GME,stock
GOOG,stock
GOOGL,stock
GS,stock
HAL,stock
HD,stock
HLT,stock
HON,stock
HOOD,stock
HPQ,stock
HSY,stock
IBM,stock
INTC,stock
ITW,stock
JNJ,stock
JPM,stock
K,stock
KLAC,stock
KMB,stock
KO,stock
KVUE,stock
LIN,stock
LITE,stock
LLY,stock
LMT,stock
LOW,stock
LRCX,stock
LULU,stock
LVS,stock
MA,stock
MAR,stock
MARA,stock
MCD,stock
MET,stock
META,stock
MMM,stock
MO,stock
MOS,stock
MRK,stock
MRNA,stock
MRVL,stock
MS,stock
MSFT,stock
MSTR,stock
MU,stock
NCLH,stock
NEM,stock
NFLX,stock
NIO,stock
NKE,stock
NOV,stock
NOW,stock
NVDA,stock
ORCL,stock
OXY,stock
PAVS,stock
PEP,stock
PETS,stock
PFE,stock
PG,stock
PLTR,stock
PM,stock
PNC,stock
PRU,stock
PYPL,stock
RKLB,stock
RIOT,stock
RIVN,stock
ROKU,stock
RTX,stock
RZLT,stock
SCCO,stock
SHOP,stock
SLB,stock
SNDK,stock
SO,stock
SOFI,stock
SPG,stock
SQ,stock
T,stock
TGT,stock
TRV,stock
TSLA,stock
TSM,stock
UBER,stock
UNH,stock
UNP,stock
UPS,stock
V,stock
VRT,stock
VSME,stock
VZ,stock
WFC,stock
WMT,stock
WOK,stock
XOM,stock
YGMZ,stock
YUM,stock
AAVE-USD,crypto
ADA-USD,crypto
ALGO-USD,crypto
APT-USD,crypto
ATOM-USD,crypto
AVAX-USD,crypto
AXS-USD,crypto
BCH-USD,crypto
BNB-USD,crypto
BTC-USD,crypto
DOGE-USD,crypto
DOT-USD,crypto
EGLD-USD,crypto
EOS-USD,crypto
ETC-USD,crypto
ETH-USD,crypto
FIL-USD,crypto
FLOW-USD,crypto
GRT-USD,crypto
HBAR-USD,crypto
ICP-USD,crypto
LINK-USD,crypto
LTC-USD,crypto
MANA-USD,crypto
MATIC-USD,crypto
NEAR-USD,crypto
QNT-USD,crypto
SAND-USD,crypto
SHIB-USD,crypto
SNX-USD,crypto
SOL-USD,crypto
THETA-USD,crypto
TRX-USD,crypto
UNI7083-USD,crypto
VET-USD,crypto
XLM-USD,crypto
XMR-USD,crypto
XRP-USD,crypto
XTZ-USD,crypto
AGG,etfs
ARKK,etfs
BITO,etfs
BND,etfs
BOIL,etfs
EEM,etfs
ETHA,etfs
EWZ,etfs
FXI,etfs
GDX,etfs
GDXJ,etfs
GLD,etfs
HYG,etfs
IBIT,etfs
IVV,etfs
IWM,etfs
JDST,etfs
JEPI,etfs
JEPQ,etfs
KOLD,etfs
KWEB,etfs
LABD,etfs
LABU,etfs
LQD,etfs
QQQ,etfs
SCHD,etfs
SLV,etfs
SMH,etfs
SOXL,etfs
SOXS,etfs
SPY,etfs
SQQQ,etfs
TLT,etfs
TQQQ,etfs
TSLL,etfs
TSLS,etfs
TZA,etfs
UNG,etfs
USO,etfs
UVXY,etfs
VNQ,etfs
VOO,etfs
VTI,etfs
VXX,etfs
VYM,etfs
XBI,etfs
XLE,etfs
XLF,etfs
XLK,etfs
XLV,etfs
AGTHX,mutual_funds
AIVSX,mutual_funds
ANWPX,mutual_funds
AWSHX,mutual_funds
CWGIX,mutual_funds
DODGX,mutual_funds
FCNTX,mutual_funds
FDGRX,mutual_funds
FGTTX,mutual_funds
FKDNX,mutual_funds
FSKAX,mutual_funds
FXAIX,mutual_funds
GFAFX,mutual_funds
PREIX,mutual_funds
PRGFX,mutual_funds
RERGX,mutual_funds
SPAXX,mutual_funds
SWPPX,mutual_funds
TRBCX,mutual_funds
VBTLX,mutual_funds
VFFSX,mutual_funds
VFIAX,mutual_funds
VGTSX,mutual_funds
VHCOX,mutual_funds
VIGAX,mutual_funds
VIMAX,mutual_funds
VMFXX,mutual_funds
VSMAX,mutual_funds
VTABX,mutual_funds
VTIAX,mutual_funds
VTSAX,mutual_funds
VWENX,mutual_funds
